,Accuracy,Precision,Train time,Predict time,run_ID
RandomForest_d6,0.8004347826086956,0.7427869759674155,1.1535911560058594,0.06398463249206543,Initial
RandomForest_d12,0.9726086956521739,0.9601078202340474,2.1130270957946777,0.06249523162841797,Initial
KNNeighbors_2,0.9556521739130435,0.9309839068830137,0.19086289405822754,0.2599375247955322,Initial
MLPerceptron,0.7626086956521739,0.6935747882350091,4.8991172313690186,0.015978097915649414,Initial
SVC linear,0.811304347826087,0.7532919399510123,65.08158683776855,0.42397069931030273,Initial
SVC poly,0.8204347826086956,0.7638390607790209,4.510946035385132,0.4531111717224121,Initial
GaussianNB,0.6930434782608695,0.6297152823278296,0.0,0.015624046325683594,Initial
AdaBoost,0.8873913043478261,0.8403124626406534,1.178025484085083,0.04687356948852539,Initial
