,Accuracy,Precision,Train time,Predict time,run_ID
RandomForest_d6,0.8373893805309734,0.7656931856427313,0.6131176948547363,0.05070209503173828,Initial
RandomForest_d12,0.9657079646017699,0.9462449141184895,1.1622395515441895,0.050493717193603516,Initial
KNNeighbors_8,0.9231194690265486,0.8817918610887637,0.0706171989440918,0.14126253128051758,Initial
MLPerceptron,0.8744469026548672,0.797378289596909,12.82011365890503,0.015625953674316406,Initial
SVC linear,0.8467920353982301,0.7729897451042292,22.305845499038696,0.16608500480651855,Initial
AdaBoost,0.8926991150442478,0.8347917062372525,0.7227838039398193,0.045973777770996094,Initial
XGBoost,0.9917035398230089,0.985255342964077,1.0503287315368652,0.01562356948852539,Initial
CatBoost,0.9911504424778761,0.986190184317603,13.796215295791626,0.010993242263793945,Initial
