,Accuracy,Precision,Train time,Predict time,run_ID
RandomForest_d6,0.8373893805309734,0.7656931856427313,0.6130542755126953,0.03125190734863281,Initial
RandomForest_d12,0.9657079646017699,0.9462449141184895,1.1925783157348633,0.05196976661682129,Initial
KNNeighbors_8,0.9231194690265486,0.8817918610887637,0.07097458839416504,0.13486766815185547,Initial
MLPerceptron,0.8567477876106194,0.7726912682033882,5.358198165893555,0.015620946884155273,Initial
SVC linear,0.8467920353982301,0.7729897451042292,21.284614086151123,0.17090225219726562,Initial
AdaBoost,0.8926991150442478,0.8347917062372525,0.7595818042755127,0.035979270935058594,Initial
XGBoost,0.9917035398230089,0.985255342964077,1.012965440750122,0.010994195938110352,Initial
CatBoost,0.9911504424778761,0.986190184317603,13.792060136795044,0.004053592681884766,Initial
