,Accuracy,Precision,Train time,Predict time,run_ID
RandomForest_d4,0.8004347826086956,0.7427869759674155,0.9864320755004883,0.0419766902923584,Initial
RandomForest_d8,0.9108695652173913,0.8778735981523498,1.4751598834991455,0.050984859466552734,Initial
RandomForest_d12,0.9726086956521739,0.9601078202340474,2.279679536819458,0.06596636772155762,Initial
KNNeighbors_2,0.9556521739130435,0.9309839068830137,0.18189501762390137,0.2868363857269287,Initial
KNNeighbors_8,0.9434782608695652,0.9252122046446953,0.18588805198669434,0.25086116790771484,Initial
MLPerceptron,0.81,0.7485848405322842,17.71505641937256,0.011978864669799805,Initial
SVC linear,0.811304347826087,0.7532919399510123,54.71472096443176,0.33180999755859375,Initial
SVC poly,0.8204347826086956,0.7638390607790209,3.384068012237549,0.46173644065856934,Initial
