,Learner,Accuracy,Precision,Recall,MCC,True Neg,False Pos,False Neg,True Pos,Train Time,Predict Time,Run_ID,sample count
0,RandomForest_d6,0.8373893805309734,0.7656931856427313,0.7733333333333333,0.6724233062852172,876,107,187,638,0.6266534328460693,0.03298187255859375,Initial,1808
0,RandomForest_d12,0.9657079646017699,0.9462449141184895,0.9551515151515152,0.9308907258701566,958,25,37,788,1.1583356857299805,0.04897189140319824,Initial,1808
0,KNNeighbors_8,0.9231194690265486,0.8817918610887637,0.9006060606060606,0.8450071675867146,926,57,82,743,0.05996561050415039,0.12391352653503418,Initial,1808
0,SVC poly,0.8346238938053098,0.7598354265954085,0.7806060606060606,0.6663098088823443,865,118,181,644,1.1342077255249023,0.21289539337158203,Initial,1808
0,AdaBoost,0.8926991150442478,0.8347917062372525,0.8727272727272727,0.7835341622290974,894,89,105,720,0.6636028289794922,0.03699612617492676,Initial,1808
0,XGBoost,0.9917035398230089,0.985255342964077,0.9927272727272727,0.9832897658880484,974,9,6,819,0.998422384262085,0.011992931365966797,Initial,1808
0,CatBoost,0.9900442477876106,0.9848722663766911,0.9854545454545455,0.979945472438512,977,6,12,813,2.568542957305908,0.005997419357299805,Initial,1808
