,Accuracy,Precision,Train time,Predict time,run_ID
RandomForest_d6,0.8373893805309734,0.7656931856427313,0.7246134281158447,0.031247377395629883,Initial
RandomForest_d12,0.9657079646017699,0.9462449141184895,1.429553508758545,0.06249642372131348,Initial
KNNeighbors_2,0.9551991150442478,0.9213106115817203,0.07813453674316406,0.12517261505126953,Initial
MLPerceptron,0.8407079646017699,0.7549230370207844,6.162413120269775,0.01562356948852539,Initial
SVC linear,0.8467920353982301,0.7729897451042292,26.98650050163269,0.19033598899841309,Initial
SVC poly,0.8346238938053098,0.7598354265954085,1.6337499618530273,0.30782198905944824,Initial
GaussianNB,0.6946902654867256,0.5955709018473934,0.012993812561035156,0.006997585296630859,Initial
AdaBoost,0.8926991150442478,0.8347917062372525,0.9312002658843994,0.053365230560302734,Initial
