,Accuracy,Precision,Train time,Predict time,run_ID
RandomForest_d6,0.8373893805309734,0.7656931856427313,0.7330615520477295,0.04166054725646973,Initial
RandomForest_d12,0.9657079646017699,0.9462449141184895,1.4037225246429443,0.04687213897705078,Initial
KNNeighbors_2,0.9551991150442478,0.9213106115817203,0.07811784744262695,0.14061570167541504,Initial
MLPerceptron,0.849004424778761,0.7745645205837646,6.722658395767212,0.009993791580200195,Initial
SVC linear,0.8467920353982301,0.7729897451042292,26.862627029418945,0.17186450958251953,Initial
SVC poly,0.8346238938053098,0.7598354265954085,1.3069567680358887,0.28328466415405273,Initial
GaussianNB,0.6946902654867256,0.5955709018473934,0.0,0.015625715255737305,Initial
AdaBoost,0.8926991150442478,0.8347917062372525,0.948157548904419,0.07698678970336914,Initial
