,Accuracy,Precision,Train time,Predict time,run_ID
RandomForest_d12,0.9657079646017699,0.9462449141184895,1.478938102722168,0.07195901870727539,Initial
KNNeighbors_2,0.9551991150442478,0.9213106115817203,0.06995606422424316,0.11042547225952148,Initial
MLPerceptron,0.8462389380530974,0.7857361735579756,5.537515640258789,0.01562356948852539,Initial
SVC linear,0.8467920353982301,0.7729897451042292,21.3646240234375,0.14061427116394043,Initial
SVC poly,0.8346238938053098,0.7598354265954085,1.12522292137146,0.2031240463256836,Initial
AdaBoost,0.8926991150442478,0.8347917062372525,0.671832799911499,0.03124547004699707,Initial
XGBoost,0.9917035398230089,0.985255342964077,0.9999120235443115,0.0,Initial
