,Accuracy,Precision,Train time,Predict time,run_ID
RandomForest_d6,0.8373893805309734,0.7656931856427313,0.6478948593139648,0.06248307228088379,Initial
RandomForest_d12,0.9657079646017699,0.9462449141184895,1.2664175033569336,0.04800534248352051,Initial
KNNeighbors_2,0.9551991150442478,0.9213106115817203,0.0719904899597168,0.14591288566589355,Initial
KNNeighbors_8,0.9231194690265486,0.8817918610887637,0.06251144409179688,0.14061570167541504,Initial
MLPerceptron,0.8528761061946902,0.7882066573261324,8.906519174575806,0.015981197357177734,Initial
SVC poly,0.8346238938053098,0.7598354265954085,1.316913366317749,0.21871662139892578,Initial
AdaBoost,0.8926991150442478,0.8347917062372525,0.719031810760498,0.031244993209838867,Initial
XGBoost,0.9917035398230089,0.985255342964077,1.032017469406128,0.015624046325683594,Initial
