,Accuracy,Precision,run_ID
RandomForest_d7,0.9204347826086956,0.9161342433213947,Initial
RandomForest_d15,0.9769565217391304,0.9748152156616229,Initial
RandomForest_d19,0.9769565217391304,0.9744033551635952,Initial
KNNeighbors_2,0.9469565217391305,0.955552314755181,Initial
AdaBoost,0.9034782608695652,0.8902643545141437,Initial
GaussianNB,0.7539130434782608,0.7546527320919648,Initial
SVC linear,0.8508695652173913,0.8377357372818798,Initial
