,Accuracy,Precision,Train time,Predict time,run_ID
RandomForest_d4,0.8004347826086956,0.7427869759674155,1.6801578998565674,0.06249499320983887,Initial
RandomForest_d8,0.9108695652173913,0.8778735981523498,2.0462074279785156,0.07520103454589844,Initial
RandomForest_d12,0.9726086956521739,0.9601078202340474,2.96197247505188,0.06249570846557617,Initial
KNNeighbors_2,0.9556521739130435,0.9309839068830137,0.1250169277191162,0.25595688819885254,Initial
KNNeighbors_8,0.9434782608695652,0.9252122046446953,0.1599409580230713,0.28429555892944336,Initial
MLPerceptron,0.7704347826086957,0.7069277689193538,5.361802816390991,0.015621423721313477,Initial
SVC linear,0.811304347826087,0.7532919399510123,67.54250264167786,0.3734145164489746,Initial
SVC poly,0.8204347826086956,0.7638390607790209,4.030946731567383,0.7314748764038086,Initial
