,Accuracy,Precision,Train time,Predict time,run_ID
RandomForest_d6,0.7978260869565217,0.7320667389509127,1.3344337940216064,0.054967403411865234,Initial
RandomForest_d12,0.9734782608695652,0.9586630883075883,2.7774856090545654,0.08995270729064941,Initial
KNNeighbors_2,0.9521739130434783,0.9264767833111089,0.19189858436584473,0.2118690013885498,Initial
MLPerceptron,0.8382608695652174,0.8031533419692682,8.711016416549683,0.018990516662597656,Initial
SVC linear,0.8343478260869566,0.7793129805328312,56.95741939544678,0.37131381034851074,Initial
SVC poly,0.831304347826087,0.777804908852903,2.850983142852783,0.4849998950958252,Initial
GaussianNB,0.6882608695652174,0.6251668279567899,0.013995170593261719,0.003014087677001953,Initial
AdaBoost,0.8778260869565218,0.8295149657080789,1.2367656230926514,0.05496573448181152,Initial
