,Accuracy,Precision,Train time,Predict time,run_ID
RandomForest_d4,0.8004347826086956,0.7427869759674155,0.9942114353179932,0.0439753532409668,Initial
RandomForest_d8,0.9108695652173913,0.8778735981523498,1.527127981185913,0.05295443534851074,Initial
RandomForest_d12,0.9726086956521739,0.9601078202340474,2.0728323459625244,0.06796121597290039,Initial
KNNeighbors_2,0.9556521739130435,0.9309839068830137,0.11983799934387207,0.17490005493164062,Initial
KNNeighbors_8,0.9434782608695652,0.9252122046446953,0.11691808700561523,0.18790745735168457,Initial
MLPerceptron,0.7852173913043479,0.7363102078734176,3.647223711013794,0.012008428573608398,Initial
SVC linear,0.811304347826087,0.7532919399510123,54.44286251068115,0.3508000373840332,Initial
SVC poly,0.8204347826086956,0.7638390607790209,2.9912900924682617,0.46273159980773926,Initial
