,Learner,Accuracy,Precision,Recall,MCC,True Neg,False Neg,True Pos,False Pos,Train Time,Predict Time,Run_ID,sample count
0,MLPerceptron,0.7533185840707964,0.7044443985888073,0.463030303030303,0.5596395213845455,980,443,382,3,7.173890829086304,0.015621185302734375,Initial,1808
0,AdaBoost,0.8926991150442478,0.8347917062372525,0.8727272727272727,0.7835341622290974,894,105,720,89,0.6908814907073975,0.031241655349731445,Initial,1808
0,KNNeighbors_8,0.9231194690265486,0.8817918610887637,0.9006060606060606,0.8450071675867146,926,82,743,57,0.06251072883605957,0.12499189376831055,Initial,1808
0,GradientBoost,0.9612831858407079,0.9381480747510417,0.9527272727272728,0.9219463277912203,952,39,786,31,2.574016571044922,0.015627622604370117,Initial,1808
0,RandomForest_d12,0.9657079646017699,0.9462449141184895,0.9551515151515152,0.9308907258701566,958,37,788,25,1.1599278450012207,0.06248164176940918,Initial,1808
0,XGBoost,0.9917035398230089,0.985255342964077,0.9927272727272727,0.9832897658880484,974,6,819,9,1.3064908981323242,0.015622854232788086,Initial,1808
0,CatBoost,0.9911504424778761,0.986190184317603,0.9878787878787879,0.9821674969787814,977,10,815,6,3.6338934898376465,0.01562356948852539,Initial,1808
0,LightGBoost,0.995575221238938,0.9919989644548772,0.9963636363636363,0.9910865382627009,978,3,822,5,0.3420445919036865,0.005127906799316406,Initial,1808
