,Accuracy,Precision,run_ID
RandomForest_d7,0.9292035398230089,0.8947240990586023,Initial
RandomForest_d15,0.9734513274336283,0.9554554736674512,Initial
RandomForest_d19,0.9762168141592921,0.9611898668227394,Initial
KNNeighbors_2,0.9585176991150443,0.9372143672061466,Initial
AdaBoost,0.9142699115044248,0.8632929007919389,Initial
GaussianNB,0.6946902654867256,0.5955709018473934,Initial
SVC linear,0.8467920353982301,0.7732291458223581,Initial
